issue_id,issue_number,repository,stars,language,title,labels,scout_score,priority_score,issue_url
895,8914,Comfy-Org/ComfyUI,103607,Python,"""Content-Disposition"" Header set in view_image function not matching RFC2183 rules","[""Bug"", ""Potential Bug"", ""Bounty""]",,0.3872,https://github.com/Comfy-Org/ComfyUI/issues/8914
11943,70,INDIGOAZUL/la-tanda-web,0,JavaScript,[BUG] 🐛 Critical Auth Loop Bug - Complete Platform Lockout + Bounty Claim Blocked,"[""bug"", ""bounty""]",,0.305,https://github.com/INDIGOAZUL/la-tanda-web/issues/70
11904,494,Scottcjn/rustchain-bounties,272,Python,[RED TEAM] RIP-201 Fleet Score Manipulation (150 RTC),"[""bounty"", ""standard"", ""red-team""]",,0.2,https://github.com/Scottcjn/rustchain-bounties/issues/494
11905,493,Scottcjn/rustchain-bounties,272,Python,[RED TEAM] RIP-201 False Positive Testing (100 RTC),"[""bounty"", ""standard"", ""red-team""]",,0.2,https://github.com/Scottcjn/rustchain-bounties/issues/493
11906,492,Scottcjn/rustchain-bounties,272,Python,[RED TEAM] RIP-201 Bucket Normalization Gaming (150 RTC),"[""bounty"", ""standard"", ""red-team""]",,0.2,https://github.com/Scottcjn/rustchain-bounties/issues/492
11907,491,Scottcjn/rustchain-bounties,272,Python,[RED TEAM] RIP-201 Fleet Detection Bypass (200 RTC),"[""bounty"", ""major"", ""red-team""]",,0.2,https://github.com/Scottcjn/rustchain-bounties/issues/491
11908,502,Scottcjn/rustchain-bounties,272,Python,[BOUNTY] OpenAPI/Swagger Documentation for Node API (30 RTC),"[""good first issue"", ""bounty"", ""ecosystem""]",,0.2,https://github.com/Scottcjn/rustchain-bounties/issues/502
11909,501,Scottcjn/rustchain-bounties,272,Python,[BOUNTY] Miner Dashboard — Personal Stats & Reward History (75 RTC),"[""good first issue"", ""bounty"", ""ecosystem""]",,0.2,https://github.com/Scottcjn/rustchain-bounties/issues/501
11910,505,Scottcjn/rustchain-bounties,272,Python,[BOUNTY] Hall of Fame Machine Detail Pages — Clickable Profiles (50 RTC),"[""good first issue"", ""bounty"", ""ecosystem""]",,0.2,https://github.com/Scottcjn/rustchain-bounties/issues/505
11911,504,Scottcjn/rustchain-bounties,272,Python,[BOUNTY] Prometheus Metrics Exporter + Grafana Dashboard (40 RTC),"[""bounty"", ""ecosystem""]",,0.2,https://github.com/Scottcjn/rustchain-bounties/issues/504
11912,503,Scottcjn/rustchain-bounties,272,Python,[BOUNTY] RustChain CLI — Command-Line Network Inspector (50 RTC),"[""good first issue"", ""bounty"", ""ecosystem""]",,0.2,https://github.com/Scottcjn/rustchain-bounties/issues/503
11913,507,Scottcjn/rustchain-bounties,272,Python,[BOUNTY] Upvote RustChain & BoTTube on SaaSCity (10 RTC),"[""good first issue"", ""bounty"", ""ecosystem""]",,0.2,https://github.com/Scottcjn/rustchain-bounties/issues/507
11930,523,Scottcjn/rustchain-bounties,272,Python,[ANNOUNCEMENT] Bounty Blitz: 59 New Easy Bounties (95 RTC),"[""bounty"", ""open"", ""propagation"", ""community""]",,0.2,https://github.com/Scottcjn/rustchain-bounties/issues/523
11931,522,Scottcjn/rustchain-bounties,272,Python,[Achievement] Community Builder - Bring 2 New Contributors - 3 RTC,"[""bounty"", ""open"", ""standard"", ""community""]",,0.2,https://github.com/Scottcjn/rustchain-bounties/issues/522
11932,521,Scottcjn/rustchain-bounties,272,Python,[Achievement] Documenter - Improve Docs in 3+ Repos - 3 RTC,"[""bounty"", ""open"", ""standard"", ""community""]",,0.2,https://github.com/Scottcjn/rustchain-bounties/issues/521
11933,520,Scottcjn/rustchain-bounties,272,Python,[Achievement] Bug Hunter - Find a Real Bug - 3 RTC,"[""bounty"", ""open"", ""standard"", ""community""]",,0.2,https://github.com/Scottcjn/rustchain-bounties/issues/520
11934,519,Scottcjn/rustchain-bounties,272,Python,[Achievement] Explorer - PRs to 3+ Repos - 3 RTC,"[""bounty"", ""open"", ""standard"", ""community""]",,0.2,https://github.com/Scottcjn/rustchain-bounties/issues/519
11935,518,Scottcjn/rustchain-bounties,272,Python,[Achievement] First Blood - First Merged PR - 3 RTC,"[""bounty"", ""open"", ""standard"", ""community""]",,0.2,https://github.com/Scottcjn/rustchain-bounties/issues/518
11936,517,Scottcjn/rustchain-bounties,272,Python,[Bounty] Block Explorer Bug Hunt - 2 RTC,"[""bounty"", ""open"", ""micro"", ""community""]",,0.2,https://github.com/Scottcjn/rustchain-bounties/issues/517
11937,516,Scottcjn/rustchain-bounties,272,Python,[Bounty] Star + Review Challenge - 2 RTC,"[""bounty"", ""open"", ""micro"", ""propagation"", ""community""]",,0.2,https://github.com/Scottcjn/rustchain-bounties/issues/516
11938,515,Scottcjn/rustchain-bounties,272,Python,[Bounty] Add RustChain to Your GitHub Profile README - 2 RTC,"[""bounty"", ""open"", ""micro"", ""propagation"", ""community""]",,0.2,https://github.com/Scottcjn/rustchain-bounties/issues/515
11939,514,Scottcjn/rustchain-bounties,272,Python,[Bounty] Post RustChain to a Subreddit - 2 RTC,"[""bounty"", ""open"", ""micro"", ""propagation"", ""community""]",,0.2,https://github.com/Scottcjn/rustchain-bounties/issues/514
11944,686,Scottcjn/rustchain-bounties,272,Python,Block Explorer GUI Upgrade — Real-Time Dashboard (50-150 RTC),"[""bounty""]",,0.2,https://github.com/Scottcjn/rustchain-bounties/issues/686
11945,685,Scottcjn/rustchain-bounties,272,Python,RIP-302 Agent Economy: Live Demo + Build Bounties (25-150 RTC),"[""bounty""]",,0.2,https://github.com/Scottcjn/rustchain-bounties/issues/685
11946,722,Scottcjn/rustchain-bounties,272,Python,[FOLLOW DRIVE] Refer a Friend — Both Earn RTC (Ongoing),"[""bounty"", ""propagation"", ""community""]",,0.2,https://github.com/Scottcjn/rustchain-bounties/issues/722
11947,721,Scottcjn/rustchain-bounties,272,Python,Bounty: Repost @RustchainPOA on X — Earn 10 RTC,"[""bounty"", ""social""]",,0.2,https://github.com/Scottcjn/rustchain-bounties/issues/721
11948,720,Scottcjn/rustchain-bounties,272,Python,Bounty: Bookmark @RustchainPOA Posts & Earn 5 RTC,"[""bounty"", ""social""]",,0.2,https://github.com/Scottcjn/rustchain-bounties/issues/720
11949,719,Scottcjn/rustchain-bounties,272,Python,Bounty: Heart & Like @RustchainPOA Posts on X — Earn 5 RTC,"[""bounty"", ""social""]",,0.2,https://github.com/Scottcjn/rustchain-bounties/issues/719
11955,697,Scottcjn/rustchain-bounties,272,Python,Chicken in Every Pot: Fork the Big 5 and Earn RTC,"[""good first issue"", ""bounty"", ""community""]",,0.2,https://github.com/Scottcjn/rustchain-bounties/issues/697
11956,734,Scottcjn/rustchain-bounties,272,Python,[BOUNTY: 75-200 RTC] Native Rust Miner for RustChain — Full RIP-PoA Fingerprinting,"[""bounty"", ""major"", ""rust"", ""development""]",,0.2,https://github.com/Scottcjn/rustchain-bounties/issues/734
11957,733,Scottcjn/rustchain-bounties,272,Python,[BOUNTY: 50-100 RTC] Native Rust Wallet for RustChain — CLI + crates.io,"[""bounty"", ""major"", ""rust"", ""development""]",,0.2,https://github.com/Scottcjn/rustchain-bounties/issues/733
11958,732,Scottcjn/rustchain-bounties,272,Python,[BOUNTY: 5-7 RTC] Write Video Generation Guides for BoTTube Agents,"[""good first issue"", ""bounty"", ""community"", ""bottube""]",,0.2,https://github.com/Scottcjn/rustchain-bounties/issues/732
11959,731,Scottcjn/rustchain-bounties,272,Python,"[BOUNTY: 0.5 RTC/repo] Watch Our Repos — Stay Notified, Earn RTC (Up to 10 RTC)","[""good first issue"", ""bounty"", ""easy"", ""community""]",,0.2,https://github.com/Scottcjn/rustchain-bounties/issues/731
11960,730,Scottcjn/rustchain-bounties,272,Python,[BOUNTY: 40-100 RTC] RustChain Wallet Browser Extension + MetaMask Snap,"[""bounty"", ""major"", ""community"", ""development""]",,0.2,https://github.com/Scottcjn/rustchain-bounties/issues/730
11961,729,Scottcjn/rustchain-bounties,272,Python,"[BOUNTY: 25-50 RTC] Build a BoTTube Chrome Extension — Browse, Vote, Upload","[""bounty"", ""bottube"", ""development""]",,0.2,https://github.com/Scottcjn/rustchain-bounties/issues/729
11962,728,Scottcjn/rustchain-bounties,272,Python,[BOUNTY: 1 RTC] Answer Questions in GitHub Discussions (Up to 10 RTC),"[""good first issue"", ""bounty"", ""community""]",,0.2,https://github.com/Scottcjn/rustchain-bounties/issues/728
11963,727,Scottcjn/rustchain-bounties,272,Python,[BOUNTY: 5 RTC] Write a Comparison Article — RustChain vs Other Chains,"[""bounty"", ""propagation"", ""community""]",,0.2,https://github.com/Scottcjn/rustchain-bounties/issues/727
11964,726,Scottcjn/rustchain-bounties,272,Python,[BOUNTY: 10-20 RTC] Build Rust Crates for RustChain — Publish on crates.io,"[""bounty"", ""community"", ""development""]",,0.2,https://github.com/Scottcjn/rustchain-bounties/issues/726
11965,725,Scottcjn/rustchain-bounties,272,Python,[BOUNTY: 3 RTC] Translate RustChain README Into Your Language,"[""good first issue"", ""bounty"", ""propagation"", ""community""]",,0.2,https://github.com/Scottcjn/rustchain-bounties/issues/725
11966,754,Scottcjn/rustchain-bounties,272,Python,[BOUNTY: 25-40 RTC] Agent Reputation Score — On-Chain Trust for Agent Economy,"[""bounty"", ""development"", ""rip-302""]",,0.2,https://github.com/Scottcjn/rustchain-bounties/issues/754
11967,755,Scottcjn/rustchain-bounties,272,Python,[BOUNTY: 10 RTC] Automated Backup Verification — Validate RustChain DB Backups,"[""bounty"", ""development""]",,0.2,https://github.com/Scottcjn/rustchain-bounties/issues/755
11968,753,Scottcjn/rustchain-bounties,272,Python,[BOUNTY: 5-10 RTC] BoTTube OEmbed Protocol — Rich Link Previews Everywhere,"[""good first issue"", ""bounty"", ""bottube"", ""development""]",,0.2,https://github.com/Scottcjn/rustchain-bounties/issues/753
11977,1109,Scottcjn/rustchain-bounties,272,Python,[EASY BOUNTY: 1 RTC] BoTTube First Impression — Tell Us What You Think,"[""bounty"", ""easy"", ""bottube""]",,0.2,https://github.com/Scottcjn/rustchain-bounties/issues/1109
11978,1107,Scottcjn/rustchain-bounties,272,Python,[EASY BOUNTY: 3 RTC] Write a BoTTube vs YouTube Shorts Comparison,"[""bounty"", ""easy"", ""bottube""]",,0.2,https://github.com/Scottcjn/rustchain-bounties/issues/1107
11979,1108,Scottcjn/rustchain-bounties,272,Python,[EASY BOUNTY: 2 RTC] Translate 5 BoTTube Video Descriptions,"[""bounty"", ""easy"", ""bottube""]",,0.2,https://github.com/Scottcjn/rustchain-bounties/issues/1108
11980,1106,Scottcjn/rustchain-bounties,272,Python,[EASY BOUNTY: 2 RTC] Suggest 3 Video Ideas for a BoTTube Agent,"[""bounty"", ""easy"", ""bottube""]",,0.2,https://github.com/Scottcjn/rustchain-bounties/issues/1106
11981,1105,Scottcjn/rustchain-bounties,272,Python,[EASY BOUNTY: 1 RTC] Watch 20 BoTTube Videos,"[""bounty"", ""easy"", ""bottube""]",,0.2,https://github.com/Scottcjn/rustchain-bounties/issues/1105
11982,1104,Scottcjn/rustchain-bounties,272,Python,[EASY BOUNTY: 1 RTC] Set Up Your BoTTube Profile,"[""bounty"", ""easy"", ""bottube""]",,0.2,https://github.com/Scottcjn/rustchain-bounties/issues/1104
11983,1103,Scottcjn/rustchain-bounties,272,Python,[EASY BOUNTY: 2 RTC] Curate a BoTTube Top 10 List,"[""bounty"", ""easy"", ""bottube""]",,0.2,https://github.com/Scottcjn/rustchain-bounties/issues/1103
11984,1102,Scottcjn/rustchain-bounties,272,Python,[EASY BOUNTY: 3-5 RTC] Find and Report a BoTTube Bug,"[""bounty"", ""easy"", ""bottube""]",,0.2,https://github.com/Scottcjn/rustchain-bounties/issues/1102
