repo_id,full_name,stars,forks,open_issues,language,combined_score,social_impact_score,need_score,kindness_score,popularity_score,url
1386,type-challenges/type-challenges,47679,5212,33034,TypeScript,0.4167,0.0,1.0,0.05,0.7712,https://github.com/type-challenges/type-challenges
1632,llvm/llvm-project,37008,16190,28108,LLVM,0.3844,0.0,0.8509,0.05,0.7961,https://github.com/llvm/llvm-project
14714,openemr/openemr,4997,2770,541,PHP,0.3452,0.6667,0.0161,0.05,0.6434,https://github.com/openemr/openemr
308,a11yproject/a11yproject.com,3850,571,63,Nunjucks,0.3298,0.6667,0.0019,0.05,0.5842,https://github.com/a11yproject/a11yproject.com
54704,ifmeorg/ifme,1608,767,28,Ruby,0.3234,0.6667,0.0008,0.05,0.5535,https://github.com/ifmeorg/ifme
47988,protontypes/open-sustainable-technology,2457,305,59,,0.3216,0.6667,0.0019,0.05,0.543,https://github.com/protontypes/open-sustainable-technology
70797,classroomio/classroomio,1465,292,9,Svelte,0.316,0.6667,0.0002,0.05,0.5171,https://github.com/classroomio/classroomio
70906,CaviraOSS/PageLM,1494,204,5,TypeScript,0.3134,0.6667,0.0001,0.05,0.5042,https://github.com/CaviraOSS/PageLM
158,pytorch/pytorch,97576,26907,16067,Python,0.3055,0.0,0.4864,0.05,0.857,https://github.com/pytorch/pytorch
296,dequelabs/axe-core,6923,869,413,JavaScript,0.3005,0.5333,0.0124,0.05,0.6245,https://github.com/dequelabs/axe-core
1606,FreeCodeCampChina/freecodecamp.cn,37639,1411,142,CSS,0.2972,0.4667,0.0043,0.05,0.7181,https://github.com/FreeCodeCampChina/freecodecamp.cn
61679,brunopulis/awesome-a11y,1944,154,0,,0.2943,0.6,0.0,0.05,0.5089,https://github.com/brunopulis/awesome-a11y
56755,iiab/iiab,1776,123,305,Jinja,0.2942,0.6,0.0092,0.05,0.4971,https://github.com/iiab/iiab
305,pa11y/pa11y,4411,290,35,JavaScript,0.2865,0.5333,0.0011,0.05,0.5686,https://github.com/pa11y/pa11y
1854,frappe/erpnext,32110,10591,1954,Python,0.2822,0.3333,0.0586,0.05,0.7751,https://github.com/frappe/erpnext
200,flutter/flutter,175256,30012,12167,Dart,0.2821,0.0,0.3683,0.05,0.8875,https://github.com/flutter/flutter
7,godotengine/godot,106837,24372,12940,C++,0.282,0.0,0.3917,0.05,0.858,https://github.com/godotengine/godot
281,tailwindlabs/headlessui,28434,1193,74,TypeScript,0.273,0.4,0.0022,0.05,0.6997,https://github.com/tailwindlabs/headlessui
75580,pa11y/pa11y-dashboard,1067,215,26,JavaScript,0.2715,0.5333,0.0008,0.05,0.4938,https://github.com/pa11y/pa11y-dashboard
76817,incluud/accessible-astro-starter,1126,200,7,Astro,0.2712,0.5333,0.0002,0.05,0.4931,https://github.com/incluud/accessible-astro-starter
286,bootstrap-vue/bootstrap-vue,14479,1863,177,JavaScript,0.2705,0.4,0.0054,0.05,0.6833,https://github.com/bootstrap-vue/bootstrap-vue
13839,PetoiCamp/OpenCat-Quadruped-Robot,4660,545,5,C++,0.2705,0.4667,0.0002,0.05,0.59,https://github.com/PetoiCamp/OpenCat-Quadruped-Robot
15633,kakoni/awesome-healthcare,3673,473,4,,0.2675,0.4667,0.0001,0.05,0.5751,https://github.com/kakoni/awesome-healthcare
655,f/prompts.chat,145552,19195,3,HTML,0.2654,0.2667,0.0001,0.05,0.8645,https://github.com/f/prompts.chat
681,rust-lang/rust,110507,14509,11092,Rust,0.265,0.0,0.3358,0.05,0.8428,https://github.com/rust-lang/rust
47519,carekit-apple/CareKit,2501,457,81,Swift,0.2646,0.4667,0.0025,0.05,0.5573,https://github.com/carekit-apple/CareKit
618,EbookFoundation/free-programming-books,383728,66011,36,Python,0.2625,0.2,0.0011,0.05,0.9487,https://github.com/EbookFoundation/free-programming-books
62829,sakaiproject/sakai,1204,1005,0,Java,0.2623,0.4667,0.0,0.05,0.549,https://github.com/sakaiproject/sakai
7191,MiCode/Xiaomi_Kernel_OpenSource,9417,3632,14491,,0.2592,0.0,0.4387,0.05,0.685,https://github.com/MiCode/Xiaomi_Kernel_OpenSource
2665,TheAlgorithms/C,21778,4732,6,C,0.2589,0.3333,0.0002,0.05,0.7319,https://github.com/TheAlgorithms/C
2767,elastic/kibana,20983,8538,0,TypeScript,0.2586,0.0,0.385,0.05,0.7492,https://github.com/elastic/kibana
490,ocornut/imgui,71432,11554,1037,C++,0.2584,0.0,0.0314,0.35,0.8154,https://github.com/ocornut/imgui
230,ggml-org/llama.cpp,95365,14969,410,C++,0.258,0.0,0.0124,0.35,0.8371,https://github.com/ggml-org/llama.cpp
280,gkd-kit/gkd,36609,1776,10,Kotlin,0.2572,0.3333,0.0003,0.05,0.7232,https://github.com/gkd-kit/gkd
6355,digitalinnovationone/dio-lab-open-source,8479,60276,6637,Jupyter Notebook,0.2569,0.1333,0.2009,0.05,0.7708,https://github.com/digitalinnovationone/dio-lab-open-source
628,TheAlgorithms/Python,218411,50124,163,Python,0.2565,0.2,0.0048,0.05,0.914,https://github.com/TheAlgorithms/Python
45829,Flaque/quirk,2266,3555,4,TypeScript,0.2563,0.4,0.0001,0.05,0.6189,https://github.com/Flaque/quirk
663,golang/go,132634,18823,9471,Go,0.2561,0.0,0.2867,0.05,0.8596,https://github.com/golang/go
291,ariakit/ariakit,8530,411,98,TypeScript,0.2553,0.4,0.0029,0.05,0.6102,https://github.com/ariakit/ariakit
38,elastic/elasticsearch,76143,25800,4465,Java,0.2551,0.1333,0.1352,0.05,0.8443,https://github.com/elastic/elasticsearch
57937,openmrs/openmrs-core,1779,4210,0,Java,0.255,0.4,0.0,0.05,0.6126,https://github.com/openmrs/openmrs-core
307,satnaing/astro-paper,4297,890,30,Astro,0.2532,0.4,0.0009,0.05,0.6023,https://github.com/satnaing/astro-paper
13861,okfn-brasil/serenata-de-amor,4580,656,56,Python,0.2522,0.4,0.0017,0.05,0.5964,https://github.com/okfn-brasil/serenata-de-amor
636,getify/You-Dont-Know-JS,184473,33630,0,,0.2512,0.2,0.0,0.05,0.8935,https://github.com/getify/You-Dont-Know-JS
299,skeletonlabs/skeleton,5909,384,31,TypeScript,0.251,0.4,0.001,0.05,0.591,https://github.com/skeletonlabs/skeleton
306,OptiKey/OptiKey,4375,506,121,C#,0.2507,0.4,0.0037,0.05,0.5863,https://github.com/OptiKey/OptiKey
16011,jsx-eslint/eslint-plugin-jsx-a11y,3569,643,108,JavaScript,0.2502,0.4,0.0033,0.05,0.5844,https://github.com/jsx-eslint/eslint-plugin-jsx-a11y
735,opencv/opencv,86232,56529,2572,C++,0.247,0.1333,0.0779,0.05,0.8753,https://github.com/opencv/opencv
284,cjpais/Handy,17099,1268,66,Rust,0.2466,0.3333,0.0019,0.05,0.6683,https://github.com/cjpais/Handy
50812,bugcrowd/bugcrowd_university,2751,570,17,,0.2464,0.4,0.0005,0.05,0.5687,https://github.com/bugcrowd/bugcrowd_university
302,chakra-ui/zag,4991,244,2,TypeScript,0.2462,0.4,0.0002,0.05,0.5684,https://github.com/chakra-ui/zag
1367,odoo/odoo,49070,31523,3536,Python,0.2454,0.1333,0.107,0.05,0.8305,https://github.com/odoo/odoo
2339,HumanSignal/labelImg,24792,6585,402,Python,0.2453,0.2667,0.0122,0.05,0.7487,https://github.com/HumanSignal/labelImg
739,home-assistant/core,84925,36790,2720,Python,0.2452,0.1333,0.0823,0.05,0.8607,https://github.com/home-assistant/core
293,webstudio-is/webstudio,8295,1455,335,TypeScript,0.2448,0.3333,0.0101,0.05,0.6488,https://github.com/webstudio-is/webstudio
47622,nvaccess/nvda,2509,756,2188,Python,0.2435,0.3333,0.0657,0.05,0.5727,https://github.com/nvaccess/nvda
3790,github/opensource.guide,15240,15290,0,HTML,0.2432,0.2667,0.0,0.05,0.7535,https://github.com/github/opensource.guide
223,grommet/grommet,8358,1029,355,JavaScript,0.2429,0.3333,0.0106,0.05,0.6389,https://github.com/grommet/grommet
670,krahets/hello-algo,122762,14870,8,Java,0.2422,0.2,0.0002,0.05,0.8482,https://github.com/krahets/hello-algo
667,Chalarangelo/30-seconds-of-code,126980,12443,0,JavaScript,0.2413,0.2,0.0,0.05,0.8442,https://github.com/Chalarangelo/30-seconds-of-code
1361,mastodon/mastodon,49675,7397,4192,Ruby,0.2411,0.1333,0.1269,0.05,0.7843,https://github.com/mastodon/mastodon
2395,ashishpatel26/500-AI-Agents-Projects,24343,4204,11,,0.2393,0.2667,0.0003,0.05,0.7333,https://github.com/ashishpatel26/500-AI-Agents-Projects
619,kamranahmedse/developer-roadmap,349363,43704,24,TypeScript,0.2389,0.1333,0.0007,0.05,0.9313,https://github.com/kamranahmedse/developer-roadmap
66173,okfn-brasil/querido-diario,1308,439,143,Python,0.2387,0.4,0.0043,0.05,0.5256,https://github.com/okfn-brasil/querido-diario
803,python/cpython,71630,34101,7138,Python,0.2366,0.0,0.2161,0.05,0.8505,https://github.com/python/cpython
47672,KittyGiraudel/a11y-dialog,2479,130,4,TypeScript,0.2358,0.4,0.0001,0.05,0.5164,https://github.com/KittyGiraudel/a11y-dialog
297,vmware-archive/clarity,6404,740,1,TypeScript,0.2357,0.3333,0.0,0.05,0.616,https://github.com/vmware-archive/clarity
16,metabase/metabase,45998,6229,3600,Clojure,0.2348,0.1333,0.109,0.05,0.7753,https://github.com/metabase/metabase
71,brave/brave-browser,21685,2987,10397,JavaScript,0.2346,0.0,0.3147,0.05,0.717,https://github.com/brave/brave-browser
17340,electricitymaps/electricitymaps-contrib,3956,1032,117,Python,0.2343,0.3333,0.0035,0.05,0.6045,https://github.com/electricitymaps/electricitymaps-contrib
72096,cloud-carbon-footprint/cloud-carbon-footprint,1014,308,160,TypeScript,0.2343,0.4,0.0048,0.05,0.503,https://github.com/cloud-carbon-footprint/cloud-carbon-footprint
59876,chakra-ui/chakra-ui-vue,1856,136,53,JavaScript,0.2338,0.4,0.0016,0.05,0.5046,https://github.com/chakra-ui/chakra-ui-vue
294,radix-ui/themes,8195,318,150,TypeScript,0.2336,0.3333,0.0045,0.05,0.5997,https://github.com/radix-ui/themes
2464,NixOS/nixpkgs,23520,18050,8601,Nix,0.2333,0.0,0.2604,0.05,0.7788,https://github.com/NixOS/nixpkgs
64164,Emupedia/emupedia.github.io,1240,206,0,JavaScript,0.2324,0.4,0.0,0.05,0.4994,https://github.com/Emupedia/emupedia.github.io
4732,qgis/QGIS,13282,3362,5276,C++,0.2321,0.1333,0.1597,0.05,0.6983,https://github.com/qgis/QGIS
9026,kata-containers/kata-containers,7454,1266,1510,Rust,0.232,0.2667,0.0457,0.05,0.6403,https://github.com/kata-containers/kata-containers
50220,frappe/lms,2730,1175,74,Vue,0.2314,0.3333,0.0028,0.05,0.5908,https://github.com/frappe/lms
438,github-linguist/linguist,13319,5013,167,Ruby,0.231,0.0,0.0051,0.35,0.7113,https://github.com/github-linguist/linguist
487,adenhq/hive,7914,4464,855,Python,0.2307,0.0,0.0259,0.35,0.6836,https://github.com/adenhq/hive
821,swiftlang/swift,69765,10660,7375,C++,0.2307,0.0,0.2233,0.05,0.8117,https://github.com/swiftlang/swift
632,ossu/computer-science,201470,25037,13,HTML,0.2302,0.1333,0.0004,0.05,0.888,https://github.com/ossu/computer-science
3084,pyscript/pyscript,18699,1491,10,Python,0.2301,0.2667,0.0003,0.05,0.6878,https://github.com/pyscript/pyscript
309,epicmaxco/vuestic-ui,3724,359,462,Vue,0.2296,0.3333,0.014,0.05,0.5678,https://github.com/epicmaxco/vuestic-ui
44227,medplum/medplum,2187,707,528,TypeScript,0.2292,0.3333,0.0156,0.05,0.5638,https://github.com/medplum/medplum
51033,cirosantilli/china-dictatorship,2875,287,825,HTML,0.2283,0.3333,0.0248,0.05,0.5479,https://github.com/cirosantilli/china-dictatorship
16438,OpenHealthForAll/open-health,3828,413,46,TypeScript,0.2275,0.3333,0.0014,0.05,0.5731,https://github.com/OpenHealthForAll/open-health
956,firstcontributions/first-contributions,52665,98313,51,,0.227,0.1333,0.0015,0.05,0.8705,https://github.com/firstcontributions/first-contributions
49762,hackclub/hackclub,2622,676,10,JavaScript,0.2269,0.3333,0.0003,0.05,0.5719,https://github.com/hackclub/hackclub
677,x1xhlol/system-prompts-and-models-of-ai-tools,115141,29689,83,,0.2267,0.1333,0.0025,0.05,0.8678,https://github.com/x1xhlol/system-prompts-and-models-of-ai-tools
1772,XX-net/XX-Net,33428,7596,7921,Python,0.2258,0.0,0.2398,0.05,0.767,https://github.com/XX-net/XX-Net
5195,PKU-YuanGroup/Open-Sora-Plan,12131,1065,252,Python,0.2258,0.2667,0.0076,0.05,0.6571,https://github.com/PKU-YuanGroup/Open-Sora-Plan
282,darkreader/darkreader,21765,2674,1385,TypeScript,0.2256,0.2,0.0417,0.05,0.7134,https://github.com/darkreader/darkreader
1783,adobe/brackets,33113,7529,2617,JavaScript,0.2256,0.1333,0.0792,0.05,0.7663,https://github.com/adobe/brackets
47038,OrchardCMS/Orchard,2413,1384,1833,C#,0.2246,0.2667,0.0555,0.05,0.5913,https://github.com/OrchardCMS/Orchard
62260,playbook-ui/playbook-ios,1219,62,4,Swift,0.2246,0.4,0.0001,0.05,0.4602,https://github.com/playbook-ui/playbook-ios
687,shadcn-ui/ui,106898,7916,991,TypeScript,0.2244,0.1333,0.03,0.05,0.8218,https://github.com/shadcn-ui/ui
53855,ValveSoftware/Dota2-Gameplay,1576,99,15131,,0.2244,0.0,0.458,0.05,0.487,https://github.com/ValveSoftware/Dota2-Gameplay
741,ruanyf/weekly,84249,3877,7109,,0.2239,0.0,0.2152,0.05,0.7878,https://github.com/ruanyf/weekly
657,521xueweihan/HelloGitHub,143297,11125,269,Python,0.2238,0.1333,0.0081,0.05,0.8462,https://github.com/521xueweihan/HelloGitHub
